index,timestep,node,demand_el
423,t0001,n5688,96.6217150682344
424,t0001,n5689,18.759039781312698
425,t0001,n5690,37.5180795626254
426,t0001,n5692,33.11102550817277
427,t0001,n5693,33.11102550817277
428,t0001,n5694,116.46385929138071
429,t0001,n5695,47.30996731233235
422,t0001,n5687,34.79564432600088
430,t0001,n5696,17.43618244930093
432,t0001,n5711,11.822094314171506
433,t0001,n5732,15.4431528138366
434,t0001,n5733,33.11102550817277
435,t0001,n5734,105.591470720083
436,t0001,n5735,11.822094314171506
437,t0001,n5738,31.757946596892307
438,t0001,n5739,45.98927790238912
431,t0001,n5710,11.822094314171506
439,t0001,n5740,63.54196248260739
421,t0001,n5686,57.95577928864053
419,t0001,n5684,69.90552047219548
403,t0001,n5668,15.4431528138366
404,t0001,n5669,11.822094314171506
405,t0001,n5670,23.644188628343013
406,t0001,n5671,23.644188628343013
407,t0001,n5672,7.7215764069183
408,t0001,n5673,31.69947176476496
409,t0001,n5674,18.292935923208667
420,t0001,n5685,60.34755946047413
410,t0001,n5675,36.58587184641733
412,t0001,n5677,1131.6178925559016
413,t0001,n5678,29.20599119363465
414,t0001,n5679,58.411982387269305
415,t0001,n5680,18.292935923208667
416,t0001,n5681,36.58587184641733
417,t0001,n5682,69.59128865200177
418,t0001,n5683,100.87637431701812
411,t0001,n5676,124.71122439394316
402,t0001,n5667,62.06942460112938
440,t0001,nNL,11193.635
442,t0001,nPL,14466.59
463,t0001,n4583,0.0
464,t0001,n4584,0.0
465,t0001,n4585,0.0
466,t0001,n4586,0.0
467,t0001,n4589,0.0
468,t0001,n4590,0.0
469,t0001,n4591,0.0
462,t0001,n4569,0.0
470,t0001,n4593,0.0
472,t0001,n4596,0.0
473,t0001,n4778,0.0
474,t0001,n4783,0.0
475,t0001,n4793,0.0
476,t0001,n4798,0.0
477,t0001,n4799,0.0
478,t0001,n4800,0.0
471,t0001,n4595,0.0
441,t0001,nNO,15622.94
461,t0001,n4557,0.0
459,t0001,n4555,0.0
443,t0001,nCH,7095.59
444,t0001,n3348,0.0
445,t0001,n3453,0.0
446,t0001,n3512,0.0
447,t0001,n3520,0.0
448,t0001,n3581,0.0
449,t0001,n3587,0.0
460,t0001,n4556,0.0
450,t0001,n3610,0.0
452,t0001,n3739,0.0
453,t0001,n3827,0.0
454,t0001,n7090,0.0
455,t0001,n4494,0.0
456,t0001,n4496,0.0
457,t0001,n4497,0.0
458,t0001,n4498,0.0
451,t0001,n3735,0.0
479,t0001,n4813,0.0
401,t0001,n5666,22.386746121115515
399,t0001,n5664,7.7215764069183
343,t0001,n4786,131.39116097241535
344,t0001,n4787,18.902407871999984
345,t0001,n4788,37.80481574399997
346,t0001,n4789,83.07567307171789
347,t0001,n4790,135.18823962965317
348,t0001,n4791,54.10966734065608
349,t0001,n4844,21.558379911080717
342,t0001,n4785,84.99934681870059
350,t0001,n4845,43.11675982216143
352,t0001,n4848,43.08851134615344
353,t0001,n4852,161.6521162022002
354,t0001,n4854,156.49383337974783
355,t0001,n4855,95.17455185262752
356,t0001,n5534,112.57975232774152
357,t0001,n5535,16.471483482888264
358,t0001,n5536,30.154209792993598
351,t0001,n4847,115.49146787987326
359,t0001,n5537,5.988386333472082
341,t0001,n4784,65.26499345533091
339,t0001,n4781,114.73256716453648
323,t0001,n4764,263.61317506923643
324,t0001,n4765,625.1276140286891
325,t0001,n4766,31.20657576525715
326,t0001,n4767,154.94678717347435
327,t0001,n4768,166.25592786793652
328,t0001,n4769,242.35137551293872
329,t0001,n4770,73.35172455655366
340,t0001,n4782,229.46513432907292
330,t0001,n4771,11.010804983098136
332,t0001,n4773,276.00735284692337
333,t0001,n4774,156.27367827775967
334,t0001,n4775,28.47412853124525
335,t0001,n4776,144.8868654575275
336,t0001,n4777,157.73917355539143
337,t0001,n4779,54.41889223336037
338,t0001,n4780,109.13492413060452
331,t0001,n4772,22.021609966196277
400,t0001,n5665,15.4431528138366
360,t0001,n5538,11.976772666944164
362,t0001,n5540,13.92549653393292
383,t0001,n5599,78.81779896372593
384,t0001,n5643,15.495745320760026
385,t0001,n5649,33.11102550817277
386,t0001,n5650,86.24467245609439
387,t0001,n5651,111.774589087485
388,t0001,n5653,32.95731616252761
389,t0001,n5654,25.550079823398526
382,t0001,n5598,24.18692859006216
390,t0001,n5655,15.495745320760026
392,t0001,n5657,16.243549708633957
393,t0001,n5658,89.18331193800263
394,t0001,n5659,24.600386103665407
395,t0001,n5660,123.49036612690334
396,t0001,n5661,91.98283329320138
397,t0001,n5662,388.1664829059921
398,t0001,n5663,73.46822947410081
391,t0001,n5656,89.39723734418546
361,t0001,n5539,468.433823608622
381,t0001,n5597,36.68279079358704
379,t0001,n5592,24.991735238317247
363,t0001,n5541,27.85099306786584
364,t0001,n5542,77.51649141937222
365,t0001,n5543,5.196265544270238
366,t0001,n5544,10.392531088540476
367,t0001,n5545,20.785062177080952
368,t0001,n5546,10.392531088540476
369,t0001,n5547,20.785062177080952
380,t0001,n5596,24.991735238317247
370,t0001,n5549,59.35220143026294
372,t0001,n5551,16.471483482888264
373,t0001,n5552,32.94296696577653
374,t0001,n5553,13.92549653393292
375,t0001,n5554,24.18692859006216
376,t0001,n5555,24.18692859006216
377,t0001,n5556,41.08799250890347
378,t0001,n5591,12.495867619158624
371,t0001,n5550,24.991735238317247
481,t0001,n4826,0.0
482,t0001,n4836,0.0
483,t0001,n4839,0.0
585,t0001,n7884,0.0
586,t0001,n7888,0.0
587,t0001,n7889,0.0
588,t0001,n7890,0.0
589,t0001,n7892,0.0
590,t0001,n7897,0.0
591,t0001,n7901,0.0
584,t0001,n7879,0.0
592,t0001,n7907,0.0
594,t0001,n7913,0.0
595,t0001,n7916,0.0
596,t0001,n7933,0.0
597,t0001,n7934,0.0
598,t0001,n7938,0.0
599,t0001,n7939,0.0
600,t0001,n7941,0.0
593,t0001,n7910,0.0
601,t0001,n7944,0.0
583,t0001,n7878,0.0
581,t0001,n7872,0.0
565,t0001,n7783,0.0
566,t0001,n7786,0.0
567,t0001,n7788,0.0
568,t0001,n7790,0.0
569,t0001,n7791,0.0
570,t0001,n7795,0.0
571,t0001,n7798,0.0
582,t0001,n7873,0.0
572,t0001,n7800,0.0
574,t0001,n7823,0.0
575,t0001,n7850,0.0
576,t0001,n7852,0.0
577,t0001,n7857,0.0
578,t0001,n7863,0.0
579,t0001,n7870,0.0
580,t0001,n7871,0.0
573,t0001,n7805,0.0
564,t0001,n7769,0.0
602,t0001,n7952,0.0
604,t0001,n7961,0.0
625,t0001,n8055,0.0
626,t0001,n8060,0.0
627,t0001,n8061,0.0
628,t0001,n8066,0.0
629,t0001,nBEL_north_sea_1,0.0
630,t0001,nDNK_baltic_sea_1,0.0
631,t0001,nDNK_north_sea_1,0.0
624,t0001,n8052,0.0
632,t0001,nFRA_north_sea_1,0.0
634,t0001,nFRA_mediterranean_sea_1,0.0
635,t0001,nDEU_north_sea_1,0.0
636,t0001,nDEU_baltic_sea_1,0.0
637,t0001,nNLD_north_sea_1,0.0
638,t0001,nPOL_baltic_sea_1,0.0
639,t0001,nSWE_north_sea_1,0.0
640,t0001,nSWE_baltic_sea_1,0.0
633,t0001,nFRA_atlantic_1,0.0
603,t0001,n7959,0.0
623,t0001,n8051,0.0
621,t0001,n8046,0.0
605,t0001,n7967,0.0
606,t0001,n7975,0.0
607,t0001,n7976,0.0
608,t0001,n7983,0.0
609,t0001,n7984,0.0
610,t0001,n7988,0.0
611,t0001,n7989,0.0
622,t0001,n8047,0.0
612,t0001,n7996,0.0
614,t0001,n8002,0.0
615,t0001,n8013,0.0
616,t0001,n8015,0.0
617,t0001,n8016,0.0
618,t0001,n8028,0.0
619,t0001,n8043,0.0
620,t0001,n8045,0.0
613,t0001,n7998,0.0
563,t0001,n7760,0.0
562,t0001,n7756,0.0
561,t0001,n7745,0.0
504,t0001,n6839,0.0
505,t0001,n6840,0.0
506,t0001,n6841,0.0
507,t0001,n6842,0.0
508,t0001,n6843,0.0
509,t0001,n6844,0.0
510,t0001,n6845,0.0
503,t0001,n6203,0.0
511,t0001,n6846,0.0
513,t0001,n6848,0.0
514,t0001,n6849,0.0
515,t0001,n6850,0.0
516,t0001,n6851,0.0
517,t0001,n6852,0.0
518,t0001,n6853,0.0
519,t0001,n6854,0.0
512,t0001,n6847,0.0
520,t0001,n7261,0.0
502,t0001,n5714,0.0
500,t0001,n5702,0.0
484,t0001,n4842,0.0
485,t0001,n4846,0.0
486,t0001,n5525,0.0
487,t0001,n5557,0.0
488,t0001,n5559,0.0
489,t0001,n5572,0.0
490,t0001,n5574,0.0
501,t0001,n7151,0.0
491,t0001,n5579,0.0
493,t0001,n5602,0.0
494,t0001,n5606,0.0
495,t0001,n5644,0.0
496,t0001,n5645,0.0
497,t0001,n5646,0.0
498,t0001,n5647,0.0
499,t0001,n5697,0.0
492,t0001,n5588,0.0
521,t0001,n7264,0.0
522,t0001,n7266,0.0
523,t0001,n7267,0.0
545,t0001,n7649,0.0
546,t0001,n7652,0.0
547,t0001,n7653,0.0
548,t0001,n7672,0.0
549,t0001,n7681,0.0
550,t0001,n7682,0.0
551,t0001,n7688,0.0
544,t0001,n7641,0.0
552,t0001,n7704,0.0
554,t0001,n7712,0.0
555,t0001,n7720,0.0
556,t0001,n7721,0.0
557,t0001,n7723,0.0
558,t0001,n7724,0.0
559,t0001,n7726,0.0
560,t0001,n7729,0.0
553,t0001,n7711,0.0
543,t0001,n7637,0.0
542,t0001,n7610,0.0
541,t0001,n7489,0.0
524,t0001,n7268,0.0
525,t0001,n7269,0.0
526,t0001,n7270,0.0
527,t0001,n7271,0.0
528,t0001,n7272,0.0
529,t0001,n7273,0.0
530,t0001,n7274,0.0
531,t0001,n7275,0.0
532,t0001,n7276,0.0
533,t0001,n7277,0.0
534,t0001,n7278,0.0
535,t0001,n7279,0.0
536,t0001,n7280,0.0
537,t0001,n7281,0.0
538,t0001,n7282,0.0
539,t0001,n7486,0.0
540,t0001,n7487,0.0
322,t0001,n4763,36.67586227827683
321,t0001,n4762,182.6492309631861
480,t0001,n4825,0.0
319,t0001,n4760,265.6864240521132
102,t0001,n4517,122.97542365986048
103,t0001,n4518,98.03020564030348
104,t0001,n4519,32.50352283060256
105,t0001,n4520,82.38118115131289
106,t0001,n4521,103.90928977663052
107,t0001,n4522,90.2683969791301
108,t0001,n4523,116.44369968946027
101,t0001,n4516,20.499575746269866
109,t0001,n4524,17.425199559201076
111,t0001,n4526,43.73326211199077
112,t0001,n4527,344.3983494265782
113,t0001,n4528,11.976772666944164
114,t0001,n4529,111.89088447035267
115,t0001,n4530,91.51812211680328
116,t0001,n4531,5.86505121749105
117,t0001,n4532,5.86505121749105
110,t0001,n4525,34.85039911840215
118,t0001,n4533,5.988386333472082
100,t0001,n4515,10.249787873134933
98,t0001,n4513,42.342166550055566
82,t0001,n3507,333.80731452423606
83,t0001,n3848,122.95893898324768
84,t0001,n4499,190.50218925673465
85,t0001,n4500,212.01686061205
86,t0001,n4501,10.249787873134933
87,t0001,n4502,31.091933326580325
88,t0001,n4503,164.29712058307132
99,t0001,n4514,25.24837658049369
89,t0001,n4504,114.12602444172644
91,t0001,n4506,11.7301024349821
92,t0001,n4507,59.74330599713404
93,t0001,n4508,67.60853395794322
94,t0001,n4509,194.69630468671227
95,t0001,n4510,114.0996870296882
96,t0001,n4511,75.45055679830135
97,t0001,n4512,80.51934368912646
90,t0001,n4505,5.86505121749105
81,t0001,n3505,29.91147387293245
119,t0001,n4534,41.03262516829727
121,t0001,n4536,59.07177400676271
142,t0001,n4560,27.55056037851093
143,t0001,n4561,252.1346270569339
144,t0001,n4562,87.46652422398154
145,t0001,n4575,48.770963080781065
146,t0001,n4576,32.742928493321656
147,t0001,n4577,5.86505121749105
148,t0001,n4579,38.14048819746948
141,t0001,n4559,67.60853395794322
149,t0001,n4580,8.989693573763258
151,t0001,n4582,28.523912969200136
152,t0001,n4587,25.24378439704895
153,t0001,n4588,50.4875687940979
154,t0001,n4592,99.38264926007298
155,t0001,n4594,11.010804983098136
156,t0001,n4597,147.20519620738685
157,t0001,n4598,21.558379911080717
150,t0001,n4581,17.979387147526516
120,t0001,n4535,29.535887003381355
140,t0001,n4558,28.523912969200136
138,t0001,n4553,256.0120140610471
122,t0001,n4537,46.77439070110791
123,t0001,n4538,65.00279558464409
124,t0001,n4539,55.10112075702186
125,t0001,n4540,112.96157108614966
126,t0001,n4541,56.69105926669206
127,t0001,n4542,17.9137807170828
128,t0001,n4543,50.3656488033687
139,t0001,n4554,108.22018323542808
129,t0001,n4544,418.65973543313385
131,t0001,n4546,17.9137807170828
132,t0001,n4547,59.74330599713404
133,t0001,n4548,56.53622342971157
134,t0001,n4549,56.53622342971157
135,t0001,n4550,17.9137807170828
136,t0001,n4551,32.742928493321656
137,t0001,n4552,418.65973543313385
130,t0001,n4545,53.81509492360632
80,t0001,n3504,122.34576683951212
79,t0001,n3503,84.55638093689078
78,t0001,n3502,30.026749224006
21,t0001,n3316,61.98061375494326
22,t0001,n3317,259.0424965378503
23,t0001,n3318,312.1584892905249
24,t0001,n3319,61.8844894583963
25,t0001,n3320,55.93095174067295
26,t0001,n3321,93.53080987010696
27,t0001,n3322,169.2532008991039
20,t0001,n3315,46.92893335989457
28,t0001,n3323,163.3968723217021
30,t0001,n3454,83.52668539820411
31,t0001,n3455,218.2175076769072
32,t0001,n3456,9.114012771111982
33,t0001,n3457,18.228025542223964
34,t0001,n3458,9.114012771111982
35,t0001,n3459,18.228025542223964
36,t0001,n3460,9.114012771111982
29,t0001,n3324,280.66691302780254
37,t0001,n3461,18.228025542223964
19,t0001,n3314,1387.4236220257503
17,t0001,n3312,44.001661466059375
320,t0001,n4761,54.82770132931432
2,t0001,nSE,14375.0
3,t0001,nAT,5852.5
4,t0001,nBE,8542.43
5,t0001,nCZ,5677.73
6,t0001,nDK,3186.04
7,t0001,nFR,60301.0
18,t0001,n3313,44.001661466059375
8,t0001,n3303,79.25548334811626
10,t0001,n3305,105.85214686718638
11,t0001,n3306,27.37269667884124
12,t0001,n3307,93.08870672530465
13,t0001,n3308,97.0001099192514
14,t0001,n3309,27.37269667884124
15,t0001,n3310,11.248263115277418
16,t0001,n3311,467.6974542946404
9,t0001,n3304,242.79040344841025
38,t0001,n3462,64.43583197635623
39,t0001,n3463,122.34576683951212
40,t0001,n3464,216.08209683965453
62,t0001,n3486,221.5517498552028
63,t0001,n3487,95.14066184177857
64,t0001,n3488,412.3558421703351
65,t0001,n3489,128.67083689613878
66,t0001,n3490,135.01780577592518
67,t0001,n3491,71.79068899086596
68,t0001,n3492,141.089936338427
61,t0001,n3485,41.11389037345896
69,t0001,n3493,41.11389037345896
71,t0001,n3495,90.5882936089434
72,t0001,n3496,226.15727448037825
73,t0001,n3497,76.53705294294024
74,t0001,n3498,80.58979942344736
75,t0001,n3499,15.013374612003
76,t0001,n3500,176.89907224475098
77,t0001,n3501,146.68690520736106
70,t0001,n3494,117.13441583071932
60,t0001,n3484,84.55638093689078
59,t0001,n3483,333.80731452423606
58,t0001,n3482,95.14066184177857
41,t0001,n3465,71.7182479588202
42,t0001,n3466,194.7501935487454
43,t0001,n3467,71.7182479588202
44,t0001,n3468,64.30385483669392
45,t0001,n3469,189.1111498163704
46,t0001,n3470,173.0379703368076
47,t0001,n3471,92.42318577777432
48,t0001,n3472,209.84998517671792
49,t0001,n3473,107.85463239024848
50,t0001,n3474,262.1442700834065
51,t0001,n3475,316.4394998967296
52,t0001,n3476,192.01715152871023
53,t0001,n3477,74.27373374418751
54,t0001,n3478,174.71610759749348
55,t0001,n3479,204.53225378011595
56,t0001,n3480,84.55638093689078
57,t0001,n3481,179.39627631457898
158,t0001,n4599,8.989693573763258
159,t0001,n4600,10.66382836482724
1,t0001,nLU,340.0425
318,t0001,n4759,20.44101532215925
262,t0001,n4703,89.63812322672354
263,t0001,n4704,25.11497219098587
264,t0001,n4705,50.22994438197174
265,t0001,n4706,82.63112481480464
266,t0001,n4707,67.24353808398052
267,t0001,n4708,63.61003775151276
268,t0001,n4709,61.20605460786951
261,t0001,n4702,44.81906161336177
269,t0001,n4710,59.82294774586491
271,t0001,n4712,63.61003775151276
272,t0001,n4713,241.1222373837979
273,t0001,n4714,203.1075587020012
274,t0001,n4715,104.18689301597692
275,t0001,n4716,93.80735932772916
276,t0001,n4717,34.59086675670847
277,t0001,n4718,69.18173351341694
270,t0001,n4711,59.82294774586491
279,t0001,n4720,545.1730732112694
260,t0001,n4701,50.22994438197174
258,t0001,n4699,169.22445167788806
242,t0001,n4683,43.208637481940016
243,t0001,n4684,86.41727496388003
244,t0001,n4685,43.208637481940016
245,t0001,n4686,29.178061141460734
246,t0001,n4687,58.35612228292148
247,t0001,n4688,276.8009140534923
248,t0001,n4689,14.110076035056554
259,t0001,n4700,25.11497219098587
249,t0001,n4690,28.22015207011311
251,t0001,n4692,53.89903222342912
252,t0001,n4693,107.79806444685823
253,t0001,n4694,254.80194539255768
254,t0001,n4695,102.62702695091764
255,t0001,n4696,33.62176904199026
256,t0001,n4697,67.24353808398052
257,t0001,n4698,44.4291468088006
250,t0001,n4691,242.13490623466615
241,t0001,n4682,154.3372642970341
280,t0001,n4721,40.45156914571983
282,t0001,n4723,144.64533972990984
303,t0001,n4744,25.624569468456883
304,t0001,n4745,51.249138936913766
305,t0001,n4746,44.81906161336177
306,t0001,n4747,89.63812322672354
307,t0001,n4748,47.69438778259863
308,t0001,n4749,49.68307009269279
309,t0001,n4750,99.36614018538558
302,t0001,n4743,169.65523760110128
310,t0001,n4751,131.15366581751445
312,t0001,n4753,51.249138936913766
313,t0001,n4754,95.38877556519726
314,t0001,n4755,56.511921771300266
315,t0001,n4756,166.25592786793652
316,t0001,n4757,129.17517087048878
317,t0001,n4758,39.1274586882236
160,t0001,n4601,10.66382836482724
311,t0001,n4752,25.624569468456883
281,t0001,n4722,122.85619435259416
301,t0001,n4742,107.39153334852702
299,t0001,n4740,66.17320244760043
283,t0001,n4724,165.20865015731775
284,t0001,n4725,160.1704894009057
285,t0001,n4726,334.5235541585071
286,t0001,n4727,65.26499345533091
287,t0001,n4728,71.97316925106142
288,t0001,n4729,109.06736932398618
289,t0001,n4730,234.30836614407423
300,t0001,n4741,37.53804881498146
290,t0001,n4731,71.97316925106142
292,t0001,n4733,46.15073053063263
293,t0001,n4734,92.30146106126526
294,t0001,n4735,76.10656598797678
295,t0001,n4736,67.01471818226003
296,t0001,n4737,76.72396147211626
297,t0001,n4738,40.13047702999891
298,t0001,n4739,40.13047702999891
291,t0001,n4732,41.14577766332957
240,t0001,n4681,138.83471836303968
278,t0001,n4719,31.805018875756375
238,t0001,n4679,63.80474111625844
181,t0001,n4622,26.034715104297707
183,t0001,n4624,54.41889223336037
184,t0001,n4625,131.39116097241535
185,t0001,n4626,139.95326624364034
186,t0001,n4627,51.88934074321354
187,t0001,n4628,54.41889223336037
188,t0001,n4629,27.209446116680184
180,t0001,n4621,124.86990175928992
189,t0001,n4630,54.41889223336037
191,t0001,n4632,99.27119941991566
192,t0001,n4633,26.034715104297707
193,t0001,n4634,52.06943020859541
194,t0001,n4635,52.06943020859541
195,t0001,n4636,56.79691200771264
196,t0001,n4637,52.06943020859541
197,t0001,n4638,40.115888768902906
190,t0001,n4631,56.79691200771264
198,t0001,n4639,80.23177753780581
179,t0001,n4620,112.77406812911153
177,t0001,n4618,156.2606262376391
239,t0001,n4680,19.1619188468836
162,t0001,n4603,47.22966754637919
163,t0001,n4604,98.0021872681562
164,t0001,n4605,48.956351698666936
165,t0001,n4606,81.27788423248234
166,t0001,n4607,105.75700762269533
167,t0001,n4608,16.884985787915454
178,t0001,n4619,194.8298493571185
168,t0001,n4609,228.8772290918185
170,t0001,n4611,79.5384444481269
171,t0001,n4612,120.20782268575628
172,t0001,n4613,67.4232170102553
173,t0001,n4614,21.049686390468025
174,t0001,n4615,142.67978036106476
175,t0001,n4616,116.1787849999538
176,t0001,n4617,60.73999123216021
169,t0001,n4610,133.69822068908366
199,t0001,n4640,111.68948182722684
182,t0001,n4623,52.06943020859541
161,t0001,n4602,21.32765672965448
221,t0001,n4662,29.266945540735115
222,t0001,n4663,265.2074665753705
223,t0001,n4664,125.02899548854876
224,t0001,n4665,36.31678120518254
225,t0001,n4666,58.53389108147023
226,t0001,n4667,121.5527475491637
227,t0001,n4668,125.37040090493652
228,t0001,n4669,28.22015207011311
229,t0001,n4670,14.110076035056554
230,t0001,n4671,28.22015207011311
231,t0001,n4672,14.110076035056554
232,t0001,n4673,28.22015207011311
233,t0001,n4674,89.79449308905242
234,t0001,n4675,128.56050624702482
235,t0001,n4676,16.30185657801863
200,t0001,n4641,73.79290927328378
237,t0001,n4678,31.90237055812922
220,t0001,n4661,235.3134055562074
219,t0001,n4660,95.45155035173556
236,t0001,n4677,32.60371315603726
217,t0001,n4658,227.67566226709056
218,t0001,n4659,606.6315753598574
202,t0001,n4643,73.79290927328378
203,t0001,n4644,23.812874898977952
204,t0001,n4645,47.62574979795591
205,t0001,n4646,44.89724654452621
206,t0001,n4647,152.38127427180564
207,t0001,n4648,58.97474671856569
208,t0001,n4649,252.5335174018968
201,t0001,n4642,36.89645463664189
210,t0001,n4651,77.12621172745769
211,t0001,n4652,26.18914739546801
212,t0001,n4653,52.37829479093602
213,t0001,n4654,376.7834232740755
214,t0001,n4655,125.02899548854876
215,t0001,n4656,26.18914739546801
216,t0001,n4657,52.37829479093602
209,t0001,n4650,38.56310586372884
1064,t0002,n5688,95.601945555815
1065,t0002,n5689,18.35770490918599
1066,t0002,n5690,36.71540981837198
1067,t0002,n5692,31.20786307824733
1068,t0002,n5693,31.20786307824733
1078,t0002,n5738,30.46664691139504
1069,t0002,n5694,112.93631206104516
1073,t0002,n5711,11.281010322670088
1071,t0002,n5696,17.31527304432565
1072,t0002,n5710,11.281010322670088
1074,t0002,n5732,14.78994052745994
1075,t0002,n5733,31.20786307824733
1076,t0002,n5734,103.5816349796838
1077,t0002,n5735,11.281010322670088
1063,t0002,n5687,33.66556277651898
1070,t0002,n5695,46.82529284278483
1062,t0002,n5686,57.28384114705627
1053,t0002,n5677,1126.02653234715
1060,t0002,n5684,68.8109769893701
1079,t0002,n5739,44.8945278554561
1044,t0002,n5668,14.78994052745994
1045,t0002,n5669,11.281010322670088
1046,t0002,n5670,22.562020645340176
1047,t0002,n5671,22.562020645340176
1048,t0002,n5672,7.39497026372997
1049,t0002,n5673,31.1452188754144
1061,t0002,n5685,59.0429583569878
1050,t0002,n5674,17.744777601269522
1052,t0002,n5676,120.24688875080732
1054,t0002,n5678,29.099999084857046
1055,t0002,n5679,58.19999816971409
1056,t0002,n5680,17.744777601269522
1057,t0002,n5681,35.489555202539044
1058,t0002,n5682,67.33112555303796
1059,t0002,n5683,101.7502232371375
1051,t0002,n5675,35.489555202539044
1080,t0002,n5740,60.68589988398655
1119,t0002,n4800,0.0
1082,t0002,nNO,15705.29
1104,t0002,n4583,0.0
1105,t0002,n4584,0.0
1106,t0002,n4585,0.0
1107,t0002,n4586,0.0
1108,t0002,n4589,0.0
1109,t0002,n4590,0.0
1110,t0002,n4591,0.0
1103,t0002,n4569,0.0
1111,t0002,n4593,0.0
1113,t0002,n4596,0.0
1114,t0002,n4778,0.0
1115,t0002,n4783,0.0
1116,t0002,n4793,0.0
1117,t0002,n4798,0.0
1118,t0002,n4799,0.0
1043,t0002,n5667,59.31374815036719
1112,t0002,n4595,0.0
1102,t0002,n4557,0.0
1101,t0002,n4556,0.0
1100,t0002,n4555,0.0
1083,t0002,nPL,13773.58
1084,t0002,nCH,7244.4
1085,t0002,n3348,0.0
1086,t0002,n3453,0.0
1087,t0002,n3512,0.0
1088,t0002,n3520,0.0
1089,t0002,n3581,0.0
1090,t0002,n3587,0.0
1091,t0002,n3610,0.0
1092,t0002,n3735,0.0
1093,t0002,n3739,0.0
1094,t0002,n3827,0.0
1095,t0002,n7090,0.0
1096,t0002,n4494,0.0
1097,t0002,n4496,0.0
1098,t0002,n4497,0.0
1099,t0002,n4498,0.0
1081,t0002,nNL,10933.36
1042,t0002,n5666,21.8120650013009
963,t0002,n4763,35.404217621542344
1040,t0002,n5664,7.39497026372997
983,t0002,n4785,81.72785701921705
984,t0002,n4786,126.90535595242837
985,t0002,n4787,18.39878440264189
986,t0002,n4788,36.79756880528379
987,t0002,n4789,80.90960205669839
988,t0002,n4790,128.42284812393297
989,t0002,n4791,52.57277891820023
982,t0002,n4784,62.04653587764528
990,t0002,n4844,20.15396977059477
992,t0002,n4847,109.26372379726816
993,t0002,n4848,41.65828523039447
994,t0002,n4852,149.09668125354938
995,t0002,n4854,153.6617265339315
996,t0002,n4855,92.53169373664448
997,t0002,n5534,109.55990957187876
998,t0002,n5535,16.457666219956995
991,t0002,n4845,40.30793954118954
999,t0002,n5536,29.10171933424367
981,t0002,n4782,228.67833388243352
979,t0002,n4780,103.69658469481854
1120,t0002,n4813,0.0
964,t0002,n4764,250.55981223737552
965,t0002,n4765,599.5980280871175
966,t0002,n4766,29.721075735542264
967,t0002,n4767,149.3068984891725
968,t0002,n4768,164.48220623140773
969,t0002,n4769,237.6205143284373
980,t0002,n4781,114.33916694121676
970,t0002,n4770,70.80843524308469
972,t0002,n4772,21.32698459935609
973,t0002,n4773,251.46277689258312
974,t0002,n4774,151.30003469458984
975,t0002,n4775,28.107211539382945
976,t0002,n4776,137.36034075818517
977,t0002,n4777,147.1297092460863
978,t0002,n4779,51.8951423738776
971,t0002,n4771,10.663492299678047
1000,t0002,n5537,5.836277397487213
1001,t0002,n5538,11.672554794974426
1002,t0002,n5539,469.6920882653925
1024,t0002,n5599,76.23654845728518
1025,t0002,n5643,15.353611491931131
1026,t0002,n5649,31.20786307824733
1027,t0002,n5650,84.16111558783743
1028,t0002,n5651,107.3152407791089
1029,t0002,n5653,32.04420523296772
1030,t0002,n5654,24.689415638571287
1023,t0002,n5598,23.414702509776664
1031,t0002,n5655,15.353611491931131
1033,t0002,n5657,15.72870857007949
1034,t0002,n5658,89.6951017615829
1035,t0002,n5659,23.63747671069961
1036,t0002,n5660,117.05799154864734
1037,t0002,n5661,88.77363804506214
1038,t0002,n5662,374.9289344992778
1039,t0002,n5663,70.20813383904033
1032,t0002,n5656,84.5386587422116
1022,t0002,n5597,35.56681473007225
1021,t0002,n5596,24.565927099565528
1020,t0002,n5592,24.565927099565528
1003,t0002,n5540,13.289672288904828
1004,t0002,n5541,26.579344577809657
1005,t0002,n5542,77.06069703948212
1006,t0002,n5543,5.101198327391916
1007,t0002,n5544,10.202396654783833
1008,t0002,n5545,20.404793309567665
1009,t0002,n5546,10.202396654783833
1010,t0002,n5547,20.404793309567665
1011,t0002,n5549,59.70085202629953
1012,t0002,n5550,24.565927099565528
1013,t0002,n5551,16.457666219956995
1014,t0002,n5552,32.91533243991399
1015,t0002,n5553,13.289672288904828
1016,t0002,n5554,23.414702509776664
1017,t0002,n5555,23.414702509776664
1018,t0002,n5556,39.79315608887224
1019,t0002,n5591,12.282963549782764
1041,t0002,n5665,14.78994052745994
1121,t0002,n4825,0.0
1201,t0002,n7729,0.0
1123,t0002,n4836,0.0
1226,t0002,n7884,0.0
1227,t0002,n7888,0.0
1228,t0002,n7889,0.0
1229,t0002,n7890,0.0
1230,t0002,n7892,0.0
1231,t0002,n7897,0.0
1232,t0002,n7901,0.0
1225,t0002,n7879,0.0
1233,t0002,n7907,0.0
1235,t0002,n7913,0.0
1236,t0002,n7916,0.0
1237,t0002,n7933,0.0
1238,t0002,n7934,0.0
1239,t0002,n7938,0.0
1240,t0002,n7939,0.0
1241,t0002,n7941,0.0
1234,t0002,n7910,0.0
1242,t0002,n7944,0.0
1224,t0002,n7878,0.0
1222,t0002,n7872,0.0
1206,t0002,n7783,0.0
1207,t0002,n7786,0.0
1208,t0002,n7788,0.0
1209,t0002,n7790,0.0
1210,t0002,n7791,0.0
1211,t0002,n7795,0.0
1212,t0002,n7798,0.0
1223,t0002,n7873,0.0
1213,t0002,n7800,0.0
1215,t0002,n7823,0.0
1216,t0002,n7850,0.0
1217,t0002,n7852,0.0
1218,t0002,n7857,0.0
1219,t0002,n7863,0.0
1220,t0002,n7870,0.0
1221,t0002,n7871,0.0
1214,t0002,n7805,0.0
1205,t0002,n7769,0.0
1243,t0002,n7952,0.0
1245,t0002,n7961,0.0
1266,t0002,n8055,0.0
1267,t0002,n8060,0.0
1268,t0002,n8061,0.0
1269,t0002,n8066,0.0
1270,t0002,nBEL_north_sea_1,0.0
1271,t0002,nDNK_baltic_sea_1,0.0
1272,t0002,nDNK_north_sea_1,0.0
1265,t0002,n8052,0.0
1273,t0002,nFRA_north_sea_1,0.0
1275,t0002,nFRA_mediterranean_sea_1,0.0
1276,t0002,nDEU_north_sea_1,0.0
1277,t0002,nDEU_baltic_sea_1,0.0
1278,t0002,nNLD_north_sea_1,0.0
1279,t0002,nPOL_baltic_sea_1,0.0
1280,t0002,nSWE_north_sea_1,0.0
1281,t0002,nSWE_baltic_sea_1,0.0
1274,t0002,nFRA_atlantic_1,0.0
1244,t0002,n7959,0.0
1264,t0002,n8051,0.0
1262,t0002,n8046,0.0
1246,t0002,n7967,0.0
1247,t0002,n7975,0.0
1248,t0002,n7976,0.0
1249,t0002,n7983,0.0
1250,t0002,n7984,0.0
1251,t0002,n7988,0.0
1252,t0002,n7989,0.0
1263,t0002,n8047,0.0
1253,t0002,n7996,0.0
1255,t0002,n8002,0.0
1256,t0002,n8013,0.0
1257,t0002,n8015,0.0
1258,t0002,n8016,0.0
1259,t0002,n8028,0.0
1260,t0002,n8043,0.0
1261,t0002,n8045,0.0
1254,t0002,n7998,0.0
1204,t0002,n7760,0.0
1203,t0002,n7756,0.0
1202,t0002,n7745,0.0
1144,t0002,n6203,0.0
1145,t0002,n6839,0.0
1146,t0002,n6840,0.0
1147,t0002,n6841,0.0
1148,t0002,n6842,0.0
1149,t0002,n6843,0.0
1150,t0002,n6844,0.0
1143,t0002,n5714,0.0
1151,t0002,n6845,0.0
1153,t0002,n6847,0.0
1154,t0002,n6848,0.0
1155,t0002,n6849,0.0
1156,t0002,n6850,0.0
1157,t0002,n6851,0.0
1158,t0002,n6852,0.0
1159,t0002,n6853,0.0
1152,t0002,n6846,0.0
1160,t0002,n6854,0.0
1142,t0002,n7151,0.0
1140,t0002,n5697,0.0
1124,t0002,n4839,0.0
1125,t0002,n4842,0.0
1126,t0002,n4846,0.0
1127,t0002,n5525,0.0
1128,t0002,n5557,0.0
1129,t0002,n5559,0.0
1130,t0002,n5572,0.0
1141,t0002,n5702,0.0
1131,t0002,n5574,0.0
1133,t0002,n5588,0.0
1134,t0002,n5602,0.0
1135,t0002,n5606,0.0
1136,t0002,n5644,0.0
1137,t0002,n5645,0.0
1138,t0002,n5646,0.0
1139,t0002,n5647,0.0
1132,t0002,n5579,0.0
1161,t0002,n7261,0.0
1162,t0002,n7264,0.0
1163,t0002,n7266,0.0
1185,t0002,n7641,0.0
1186,t0002,n7649,0.0
1187,t0002,n7652,0.0
1188,t0002,n7653,0.0
1189,t0002,n7672,0.0
1190,t0002,n7681,0.0
1191,t0002,n7682,0.0
1184,t0002,n7637,0.0
1192,t0002,n7688,0.0
1194,t0002,n7711,0.0
1195,t0002,n7712,0.0
1196,t0002,n7720,0.0
1197,t0002,n7721,0.0
1198,t0002,n7723,0.0
1199,t0002,n7724,0.0
1200,t0002,n7726,0.0
1193,t0002,n7704,0.0
1183,t0002,n7610,0.0
1182,t0002,n7489,0.0
1181,t0002,n7487,0.0
1164,t0002,n7267,0.0
1165,t0002,n7268,0.0
1166,t0002,n7269,0.0
1167,t0002,n7270,0.0
1168,t0002,n7271,0.0
1169,t0002,n7272,0.0
1170,t0002,n7273,0.0
1171,t0002,n7274,0.0
1172,t0002,n7275,0.0
1173,t0002,n7276,0.0
1174,t0002,n7277,0.0
1175,t0002,n7278,0.0
1176,t0002,n7279,0.0
1177,t0002,n7280,0.0
1178,t0002,n7281,0.0
1179,t0002,n7282,0.0
1180,t0002,n7486,0.0
1122,t0002,n4826,0.0
962,t0002,n4762,177.68320014469737
800,t0002,n4600,10.184952605379165
960,t0002,n4760,253.4497849401045
742,t0002,n4516,19.35691919129775
743,t0002,n4517,120.88110623520376
744,t0002,n4518,95.4633598027379
745,t0002,n4519,31.15582201319564
746,t0002,n4520,77.88950913025673
747,t0002,n4521,101.27010501628764
748,t0002,n4522,86.61716631807492
741,t0002,n4515,9.678459595648874
749,t0002,n4523,110.56929852118252
751,t0002,n4525,33.281026991397525
752,t0002,n4526,41.79016855096016
753,t0002,n4527,333.6746683441835
754,t0002,n4528,11.672554794974426
755,t0002,n4529,106.58155889488842
756,t0002,n4530,88.2807733903079
757,t0002,n4531,5.639403560129941
750,t0002,n4524,16.640513495698762
758,t0002,n4532,5.639403560129941
740,t0002,n4514,24.180367595857387
738,t0002,n4512,76.12969639585617
722,t0002,n3505,28.39250915175036
723,t0002,n3507,316.5484383048073
724,t0002,n3848,116.40651491411148
725,t0002,n4499,180.800808144033
726,t0002,n4500,201.603741195612
727,t0002,n4501,9.678459595648874
728,t0002,n4502,30.03117315072066
739,t0002,n4513,41.731781952698846
729,t0002,n4503,160.53450635940558
731,t0002,n4505,5.639403560129941
732,t0002,n4506,11.278807120259884
733,t0002,n4507,57.36386276272
734,t0002,n4508,64.52726760630632
735,t0002,n4509,186.75404028749364
736,t0002,n4510,108.3810559589556
737,t0002,n4511,71.69433841166304
730,t0002,n4504,108.5838215747057
721,t0002,n3504,115.77402045379944
759,t0002,n4533,5.836277397487213
761,t0002,n4535,27.94432154280236
782,t0002,n4559,64.52726760630632
783,t0002,n4560,26.194582333777333
784,t0002,n4561,242.77618185648515
785,t0002,n4562,83.58033710192032
786,t0002,n4575,46.34546268374727
787,t0002,n4576,32.31409043200935
788,t0002,n4577,5.639403560129941
781,t0002,n4558,27.072294828150916
789,t0002,n4579,37.54690127710555
791,t0002,n4581,17.56897032132691
792,t0002,n4582,27.072294828150916
793,t0002,n4587,24.076857552452594
794,t0002,n4588,48.15371510490519
795,t0002,n4592,95.26981293251646
796,t0002,n4594,10.663492299678047
797,t0002,n4597,140.10827778335434
790,t0002,n4580,8.784485160663454
760,t0002,n4534,39.892383824770825
780,t0002,n4554,102.35640716656604
778,t0002,n4552,420.3422903395063
762,t0002,n4536,55.88864308560471
763,t0002,n4537,44.74324576254321
764,t0002,n4538,62.46466207161817
765,t0002,n4539,52.38916466755467
766,t0002,n4540,107.35435336408575
767,t0002,n4541,56.87116708323812
768,t0002,n4542,17.164086865282794
779,t0002,n4553,251.39935674891245
769,t0002,n4543,52.60474355492579
771,t0002,n4545,53.028315932258494
772,t0002,n4546,17.164086865282794
773,t0002,n4547,57.36386276272
774,t0002,n4548,53.80860647607359
775,t0002,n4549,53.80860647607359
776,t0002,n4550,17.164086865282794
777,t0002,n4551,32.31409043200935
770,t0002,n4544,420.3422903395063
720,t0002,n3503,79.63805066063225
719,t0002,n3502,28.78902644116288
718,t0002,n3501,136.87073570195656
661,t0002,n3315,46.32045786960833
662,t0002,n3316,58.53122770474782
663,t0002,n3317,243.61322347708784
664,t0002,n3318,293.319037864378
665,t0002,n3319,57.92204586446496
666,t0002,n3320,53.47496919791594
667,t0002,n3321,89.04236113593883
660,t0002,n3314,1356.899451181615
668,t0002,n3322,161.34177270945503
670,t0002,n3324,261.17783091407125
671,t0002,n3454,78.90268513072517
672,t0002,n3455,213.11052973543917
673,t0002,n3456,8.658202309513802
674,t0002,n3457,17.316404619027605
675,t0002,n3458,8.658202309513802
676,t0002,n3459,17.316404619027605
669,t0002,n3323,156.31385896042093
677,t0002,n3460,8.658202309513802
659,t0002,n3313,43.01547592664628
657,t0002,n3311,426.0231180853916
961,t0002,n4761,52.7574204339032
642,t0002,nLU,191.0625
643,t0002,nSE,14153.0
644,t0002,nAT,5619.200000000001
645,t0002,nBE,8077.39
646,t0002,nCZ,5622.2
647,t0002,nDK,3070.07
658,t0002,n3312,43.01547592664628
648,t0002,nFR,58540.0
650,t0002,n3304,235.19449123387795
651,t0002,n3305,99.68136066418644
652,t0002,n3306,26.62242191831585
653,t0002,n3307,91.06558982939376
654,t0002,n3308,93.55665664473064
655,t0002,n3309,26.62242191831585
656,t0002,n3310,10.843558001855325
649,t0002,n3303,75.20456335274523
678,t0002,n3461,17.316404619027605
679,t0002,n3462,60.70905489021659
680,t0002,n3463,115.77402045379944
702,t0002,n3485,38.62044521403918
703,t0002,n3486,209.34460514302717
704,t0002,n3487,89.31785918296515
705,t0002,n3488,389.2279500861791
706,t0002,n3489,120.27947996082918
707,t0002,n3490,129.31359378731838
708,t0002,n3491,68.47435311903331
701,t0002,n3484,79.63805066063225
709,t0002,n3492,132.41784019796484
711,t0002,n3494,110.59413385758958
712,t0002,n3495,83.63916878372098
713,t0002,n3496,210.91346259027185
714,t0002,n3497,71.95758191201698
715,t0002,n3498,77.56640882543805
716,t0002,n3499,14.39451322058144
717,t0002,n3500,169.63414877505764
710,t0002,n3493,38.62044521403918
700,t0002,n3483,316.5484383048073
699,t0002,n3482,89.31785918296515
698,t0002,n3481,169.0388659039669
681,t0002,n3464,201.4278353117135
682,t0002,n3465,71.10427071813159
683,t0002,n3466,185.48758570908365
684,t0002,n3467,71.10427071813159
685,t0002,n3468,61.9182275132796
686,t0002,n3469,176.988618203015
687,t0002,n3470,161.51255170152874
688,t0002,n3471,88.35942870483142
689,t0002,n3472,200.84067596588147
690,t0002,n3473,101.46663074461092
691,t0002,n3474,243.24747963321136
692,t0002,n3475,291.10819467488284
693,t0002,n3476,181.56498275481928
694,t0002,n3477,70.14295959915921
695,t0002,n3478,162.3630595554635
696,t0002,n3479,194.87438666855985
697,t0002,n3480,79.63805066063225
798,t0002,n4598,20.15396977059477
799,t0002,n4599,8.784485160663454
801,t0002,n4601,10.184952605379165
903,t0002,n4703,84.01319634310286
904,t0002,n4704,24.084230275031636
905,t0002,n4705,48.16846055006327
906,t0002,n4706,81.04479634382844
907,t0002,n4707,63.9127438662664
908,t0002,n4708,61.97057452608273
909,t0002,n4709,58.527484324573
902,t0002,n4702,42.00659817155143
910,t0002,n4710,56.78501830350072
912,t0002,n4712,61.97057452608273
913,t0002,n4713,225.6241145458954
914,t0002,n4714,190.8971329898129
915,t0002,n4715,100.75886233881997
916,t0002,n4716,92.02023768409174
917,t0002,n4717,32.631326400850654
918,t0002,n4718,65.26265280170131
911,t0002,n4711,56.78501830350072
919,t0002,n4719,30.985287263041364
901,t0002,n4701,48.16846055006327
899,t0002,n4699,169.11332024537603
883,t0002,n4683,40.74033736044207
884,t0002,n4684,81.48067472088414
885,t0002,n4685,40.74033736044207
886,t0002,n4686,28.10365651940168
887,t0002,n4687,56.20731303880336
888,t0002,n4688,258.37936687994045
889,t0002,n4689,13.428990580978844
900,t0002,n4700,24.084230275031636
890,t0002,n4690,26.857981161957685
892,t0002,n4692,51.13892722200907
893,t0002,n4693,102.27785444401816
894,t0002,n4694,241.8761125964064
895,t0002,n4695,97.16048690735336
896,t0002,n4696,31.9563719331332
897,t0002,n4697,63.9127438662664
898,t0002,n4698,45.471710801562125
891,t0002,n4691,235.5674156926815
882,t0002,n4682,145.85058793186676
920,t0002,n4720,506.1200584525271
922,t0002,n4722,116.73811414253473
943,t0002,n4743,162.4981079426204
944,t0002,n4744,24.578038939890973
945,t0002,n4745,49.15607787978195
946,t0002,n4746,42.00659817155143
947,t0002,n4747,84.01319634310286
948,t0002,n4748,45.8992363623268
949,t0002,n4749,48.61956726195278
942,t0002,n4742,105.0205831397163
950,t0002,n4750,97.23913452390556
952,t0002,n4752,24.578038939890973
953,t0002,n4753,49.15607787978195
954,t0002,n4754,91.7984727246536
955,t0002,n4755,54.72037023117882
956,t0002,n4756,164.48220623140773
957,t0002,n4757,122.78802143948263
958,t0002,n4758,36.5615251103642
951,t0002,n4751,124.45865773920956
921,t0002,n4721,39.79248577393677
941,t0002,n4741,36.29238472421021
939,t0002,n4739,38.35109490514327
923,t0002,n4723,142.22080513406024
924,t0002,n4724,163.2971831072337
925,t0002,n4725,155.32708190717435
926,t0002,n4726,332.95692770293886
927,t0002,n4727,62.04653587764528
928,t0002,n4728,68.19862320430968
929,t0002,n4729,106.73161059290908
940,t0002,n4740,63.07135734105678
930,t0002,n4730,226.19625690122385
932,t0002,n4732,39.30601872552097
933,t0002,n4733,44.47449246632273
934,t0002,n4734,88.94898493264546
935,t0002,n4735,71.92651442600248
936,t0002,n4736,64.0153749965988
937,t0002,n4737,74.35062612199442
938,t0002,n4738,38.35109490514327
931,t0002,n4731,68.19862320430968
881,t0002,n4681,132.6514469763065
959,t0002,n4759,19.69050323529284
879,t0002,n4679,59.35829138535773
880,t0002,n4680,18.21932983060578
823,t0002,n4623,49.68270408388362
824,t0002,n4624,51.8951423738776
825,t0002,n4625,126.90535595242837
826,t0002,n4626,135.77277512076006
827,t0002,n4627,50.18668511683178
828,t0002,n4628,51.8951423738776
821,t0002,n4621,122.04876654505796
829,t0002,n4629,25.9475711869388
831,t0002,n4631,55.20209325559078
832,t0002,n4632,97.56961383711185
833,t0002,n4633,24.84135204194181
834,t0002,n4634,49.68270408388362
835,t0002,n4635,49.68270408388362
836,t0002,n4636,55.20209325559078
837,t0002,n4637,49.68270408388362
830,t0002,n4630,51.8951423738776
838,t0002,n4638,38.315975744560205
820,t0002,n4620,107.81954773504468
818,t0002,n4618,155.73049976424014
802,t0002,n4602,20.36990521075833
803,t0002,n4603,45.76180498959725
804,t0002,n4604,94.72551056854904
805,t0002,n4605,47.98007583918521
806,t0002,n4606,78.91488399167449
807,t0002,n4607,101.47709155577785
808,t0002,n4608,16.259862773303986
819,t0002,n4619,198.18143634140856
809,t0002,n4609,219.0165568583408
811,t0002,n4611,76.26245170075092
812,t0002,n4612,114.62537484808112
813,t0002,n4613,64.30460814648275
814,t0002,n4614,21.23523835532584
815,t0002,n4615,138.96205175873084
816,t0002,n4616,112.63965067285602
817,t0002,n4617,57.73268726315736
810,t0002,n4610,126.81226125812825
839,t0002,n4639,76.63195148912041
822,t0002,n4622,24.84135204194181
841,t0002,n4641,71.26532582662149
863,t0002,n4663,256.34187601767405
864,t0002,n4664,120.14322780291413
865,t0002,n4665,35.33039734923535
866,t0002,n4666,56.40248644694573
867,t0002,n4667,118.68803686271004
868,t0002,n4668,124.5332742894574
869,t0002,n4669,26.857981161957685
862,t0002,n4662,28.201243223472865
870,t0002,n4670,13.428990580978844
872,t0002,n4672,13.428990580978844
873,t0002,n4673,26.857981161957685
874,t0002,n4674,87.11102349197552
875,t0002,n4675,127.84516579220278
876,t0002,n4676,16.035702794586477
877,t0002,n4677,32.071405589172954
840,t0002,n4640,109.33110954326628
871,t0002,n4671,26.857981161957685
861,t0002,n4661,230.61501866214724
878,t0002,n4678,29.679145692678865
859,t0002,n4659,600.3796049225891
860,t0002,n4660,93.42517394461925
843,t0002,n4643,71.26532582662149
844,t0002,n4644,23.06387205094936
845,t0002,n4645,46.12774410189871
846,t0002,n4646,43.55551174598776
847,t0002,n4647,151.1044685683702
848,t0002,n4648,56.56354253332921
849,t0002,n4649,241.3468806957086
842,t0002,n4642,35.632662913310746
851,t0002,n4651,72.61370545048996
852,t0002,n4652,25.7610936102622
853,t0002,n4653,51.5221872205244
854,t0002,n4654,381.8534066216822
855,t0002,n4655,120.14322780291413
856,t0002,n4656,25.7610936102622
857,t0002,n4657,51.5221872205244
850,t0002,n4650,36.30685272524498
858,t0002,n4658,234.74815031042263
